seq;GEORGE
8903;NÃO
8902;NÃO
8893;NÃO
8888;NÃO
8887;NÃO
8882;NÃO
8881;NÃO
8880;NÃO
8869;NÃO
12979;Sim
12979;Sim
42084;Sim
42084;Sim
47141;Sim
47141;Sim
42882;Sim
42881;Sim
42873;Sim
42686;Sim
8760;NÃO
8756;NÃO
42511;Sim
8754;NÃO
8753;NÃO
42509;Sim
8614;SIM
42075;Sim
42053;Sim
42052;Sim
42882;Sim
42881;Sim
8606;NÃO
42873;Sim
42686;Sim
42511;Sim
8597;NÃO
8596;NÃO
8593;NÃO
42509;Sim
42075;Sim
8580;NÃO
8579;NÃO
8577;NÃO
42053;Sim
8566;NÃO
8565;NÃO
8552;NÃO
8549;NÃO
42052;Sim
8528;NÃO
8527;NÃO
21909;Sim
21426;Sim
21909;Sim
21426;Sim
8497;NÃO
47252;Sim
47233;Sim
8493;NÃO
8491;NÃO
8472;NÃO
8465;NÃO
47252;Sim
47233;Sim
8453;NÃO
12995;Sim
12994;Sim
8442;NÃO
8440;NÃO
12955;Sim
12954;Sim
8430;NÃO
8428;NÃO
12953;Sim
12941;Sim
12825;Sim
8423;NÃO
8415;NÃO
8413;NÃO
12813;Sim
12806;Sim
12805;Sim
12804;Sim
12803;Sim
12995;Sim
8397;NÃO
12994;Sim
12955;Sim
12954;Sim
8293;NÃO
12953;Sim
12941;Sim
12825;Sim
12813;Sim
12806;Sim
12805;Sim
12804;Sim
12803;Sim
12827;Sim
12826;Sim
12827;Sim
12826;Sim
13014;Sim
13014;Sim
8082;NÃO
8081;NÃO
8080;NÃO
8079;NÃO
8078;NÃO
8077;NÃO
8012;SIM
8011;SIM
7990;NÃO
7989;NÃO
8443;Não
8443;Não
7985;NÃO
7984;NÃO
7983;NÃO
10102;Não
7877;SIM
10101;Não
10100;Não
10099;Não
7873;SIM
10098;Não
10102;Não
10101;Não
10100;Não
10099;Não
10098;Não
7855;SIM
10460;Não
7838;SIM
7836;SIM
10459;Não
10460;Não
7706;NÃO
7705;NÃO
10459;Não
7683;NÃO
7666;NÃO
25503;Não
7552;SIM
25503;Não
7695;Não
7695;Não
42572;Não
42479;Não
42477;Não
42476;Não
42458;Não
42394;Não
254;NÃO
42314;Não
42288;Não
42260;Não
248;NÃO
42204;Não
42178;Não
42071;Não
41897;Não
243;NÃO
242;NÃO
241;NÃO
240;NÃO
42572;Não
42479;Não
42477;Não
42476;Não
42458;Não
42394;Não
42314;Não
232;NÃO
42288;Não
42260;Não
42204;Não
42178;Não
42071;Não
41897;Não
223;NÃO
221;NÃO
220;NÃO
258;Não
258;Não
216;NÃO
215;NÃO
214;NÃO
8755;Não
8755;Não
12945;Não
12945;Não
8818;Não
205;NÃO
8818;Não
203;NÃO
202;NÃO
8868;Não
8819;Não
8868;Não
8819;Não
9125;Não
9125;Não
193;NÃO
24791;Não
24791;Não
190;NÃO
30628;Não
27498;Não
26564;Não
30628;Não
27498;Não
26564;Não
183;NÃO
38404;Não
38184;Não
38181;Não
179;NÃO
178;NÃO
174;NÃO
173;NÃO
38176;Não
171;NÃO
38404;Não
38184;Não
163;NÃO
38181;Não
38176;Não
39864;Não
39864;Não
13126;Não
13126;Não
42878;Não
153;NÃO
151;NÃO
42877;Não
42871;Não
148;NÃO
147;NÃO
42870;Não
42878;Não
42877;Não
42871;Não
42870;Não
28746;Não
27417;Não
136;NÃO
28746;Não
27417;Não
37895;Não
131;NÃO
130;SIM
36827;Não
37895;Não
36827;Não
39491;Não
119;NÃO
118;NÃO
117;NÃO
116;NÃO
39491;Não
114;NÃO
113;NÃO
12838;Não
12834;Não
12833;Não
12832;Não
12828;Não
12823;Não
99;NÃO
12815;Não
97;NÃO
12814;Não
12800;Não
12838;Não
88;NÃO
87;NÃO
86;NÃO
85;NÃO
83;NÃO
12834;Não
12833;Não
12832;Não
12828;Não
12823;Não
12815;Não
74;NÃO
73;NÃO
72;NÃO
12814;Não
70;NÃO
69;NÃO
68;NÃO
66;NÃO
65;NÃO
12800;Não
13205;Não
13201;Não
61;NÃO
58;NÃO
57;NÃO
13200;Não
13199;Não
13197;Não
13144;Não
52;NÃO
13205;Não
13201;Não
48;NÃO
47;NÃO
45;NÃO
13200;Não
43;NÃO
13199;Não
13197;Não
13144;Não
24546;Não
24546;Não
22555;Sim
36;NÃO
22555;Sim
7510;Sim
7510;Sim
26128;Sim
26128;Sim
10341;Sim
10341;Sim
23960;Sim
23066;Sim
23960;Sim
23066;Sim
9962;Sim
23;NÃO
22;NÃO
9949;Sim
9921;Sim
9914;Sim
9913;Sim
15;NÃO
9912;Sim
9872;Sim
9863;Sim
9861;Sim
8903;NÃO
8902;NÃO
8893;NÃO
8888;NÃO
8887;NÃO
8882;NÃO
8881;NÃO
8880;NÃO
8869;NÃO
9857;Sim
9844;Sim
9843;Sim
9837;Sim
9824;Sim
9821;Sim
9817;Sim
9816;Sim
9815;Sim
9814;Sim
8760;NÃO
8756;NÃO
9809;Sim
8754;NÃO
8753;NÃO
9808;Sim
8614;SIM
9800;Sim
9785;Sim
9784;Sim
9783;Sim
9782;Sim
8606;NÃO
9781;Sim
9778;Sim
9777;Sim
8597;NÃO
8596;NÃO
8593;NÃO
9776;Sim
9775;Sim
8580;NÃO
8579;NÃO
8577;NÃO
9768;Sim
8566;NÃO
8565;NÃO
8552;NÃO
8549;NÃO
9767;Sim
8528;NÃO
8527;NÃO
9762;Sim
9746;Sim
9743;Sim
9734;Sim
8497;NÃO
9728;Sim
9709;Sim
8493;NÃO
8491;NÃO
8472;NÃO
8465;NÃO
9698;Sim
9696;Sim
8453;NÃO
9695;Sim
9693;Sim
8442;NÃO
8440;NÃO
9680;Sim
9679;Sim
8430;NÃO
8428;NÃO
9677;Sim
9675;Sim
9674;Sim
8423;NÃO
8415;NÃO
8413;NÃO
9672;Sim
9671;Sim
9005;Sim
9004;Sim
8986;Sim
9962;Sim
8397;NÃO
9949;Sim
9921;Sim
9914;Sim
8293;NÃO
9913;Sim
9912;Sim
9872;Sim
9863;Sim
9861;Sim
9857;Sim
9844;Sim
9843;Sim
9837;Sim
9824;Sim
9821;Sim
9817;Sim
9816;Sim
9815;Sim
8082;NÃO
8081;NÃO
8080;NÃO
8079;NÃO
8078;NÃO
8077;NÃO
8012;SIM
8011;SIM
7990;NÃO
7989;NÃO
9814;Sim
9809;Sim
7985;NÃO
7984;NÃO
7983;NÃO
9808;Sim
7877;SIM
9800;Sim
9785;Sim
9784;Sim
7873;SIM
9783;Sim
9782;Sim
9781;Sim
9778;Sim
9777;Sim
9776;Sim
7855;SIM
9775;Sim
7838;SIM
7836;SIM
9768;Sim
9767;Sim
7706;NÃO
7705;NÃO
9762;Sim
7683;NÃO
7666;NÃO
9746;Sim
7552;SIM
9743;Sim
9734;Sim
9728;Sim
9709;Sim
9698;Sim
9696;Sim
9695;Sim
9693;Sim
9680;Sim
254;NÃO
9679;Sim
9677;Sim
9675;Sim
248;NÃO
9674;Sim
9672;Sim
9671;Sim
9005;Sim
243;NÃO
242;NÃO
241;NÃO
240;NÃO
9004;Sim
8986;Sim
10340;Sim
10332;Sim
10327;Sim
10326;Sim
10325;Sim
232;NÃO
10323;Sim
10322;Sim
10302;Sim
10299;Sim
10298;Sim
10297;Sim
223;NÃO
221;NÃO
220;NÃO
10296;Sim
10295;Sim
216;NÃO
215;NÃO
214;NÃO
10294;Sim
10293;Sim
10292;Sim
10291;Sim
10275;Sim
205;NÃO
10273;Sim
203;NÃO
202;NÃO
10271;Sim
10270;Sim
10268;Sim
10267;Sim
10266;Sim
10264;Sim
193;NÃO
10262;Sim
10261;Sim
190;NÃO
10260;Sim
10257;Sim
10256;Sim
10253;Sim
10246;Sim
10223;Sim
183;NÃO
10213;Sim
10204;Sim
10203;Sim
179;NÃO
178;NÃO
174;NÃO
173;NÃO
10202;Sim
171;NÃO
10200;Sim
10199;Sim
163;NÃO
10192;Sim
10190;Sim
10184;Sim
10181;Sim
10178;Sim
10162;Sim
10150;Sim
153;NÃO
151;NÃO
10141;Sim
10124;Sim
148;NÃO
147;NÃO
10119;Sim
10118;Sim
10115;Sim
10112;Sim
10105;Sim
10104;Sim
10092;Sim
136;NÃO
10087;Sim
10085;Sim
10077;Sim
131;NÃO
130;SIM
10068;Sim
10067;Sim
10061;Sim
10059;Sim
119;NÃO
118;NÃO
117;NÃO
116;NÃO
10058;Sim
114;NÃO
113;NÃO
10057;Sim
10054;Sim
10051;Sim
10045;Sim
10037;Sim
10018;Sim
99;NÃO
10015;Sim
97;NÃO
10008;Sim
10002;Sim
10001;Sim
88;NÃO
87;NÃO
86;NÃO
85;NÃO
83;NÃO
9998;Sim
9997;Sim
9982;Sim
9980;Sim
9979;Sim
9970;Sim
74;NÃO
73;NÃO
72;NÃO
10340;Sim
70;NÃO
69;NÃO
68;NÃO
66;NÃO
65;NÃO
10332;Sim
10327;Sim
10326;Sim
61;NÃO
58;NÃO
57;NÃO
10325;Sim
10323;Sim
10322;Sim
10302;Sim
52;NÃO
10299;Sim
10298;Sim
48;NÃO
47;NÃO
45;NÃO
10297;Sim
43;NÃO
10296;Sim
10295;Sim
10294;Sim
10293;Sim
10292;Sim
10291;Sim
36;NÃO
10275;Sim
10273;Sim
10271;Sim
10270;Sim
10268;Sim
10267;Sim
10266;Sim
10264;Sim
10262;Sim
10261;Sim
10260;Sim
10257;Sim
23;NÃO
22;NÃO
10256;Sim
10253;Sim
10246;Sim
10223;Sim
15;NÃO
10213;Sim
10204;Sim
10203;Sim
10202;Sim
10200;Sim
9965;SIM
10199;Sim
9963;SIM
10192;Sim
9961;SIM
9960;SIM
10190;Sim
10184;Sim
9957;SIM
9956;SIM
10181;Sim
10178;Sim
9953;SIM
9952;SIM
10162;Sim
10150;Sim
10141;Sim
9948;SIM
10124;Sim
9946;SIM
9945;SIM
9944;SIM
9943;SIM
9942;SIM
9941;SIM
9940;SIM
9939;SIM
9938;SIM
9937;SIM
9936;SIM
9935;SIM
10119;Sim
10118;Sim
10115;Sim
9931;SIM
9930;SIM
9929;SIM
9928;SIM
9927;SIM
9926;SIM
9925;SIM
9924;SIM
9923;SIM
9922;SIM
10112;Sim
10105;Sim
9919;SIM
9918;SIM
9917;SIM
9916;SIM
9915;SIM
10104;Sim
10092;Sim
10087;Sim
9911;SIM
10085;Sim
10077;Sim
10068;Sim
10067;Sim
10061;Sim
10059;Sim
9904;SIM
9903;SIM
10058;Sim
10057;Sim
9900;NÃO
9899;NÃO
9898;NÃO
10054;Sim
9896;SIM
9895;SIM
9894;NÃO
9893;NÃO
10051;Sim
9891;SIM
9890;SIM
9889;SIM
9888;SIM
9887;NÃO
10045;Sim
10037;Sim
10018;Sim
9882;NÃO
9881;NÃO
9880;NÃO
9879;NÃO
10015;Sim
10008;Sim
10002;Sim
10001;Sim
9874;NÃO
9873;NÃO
9998;Sim
9997;Sim
9982;Sim
9868;SIM
9867;SIM
9980;Sim
9979;Sim
9970;Sim
10706;Sim
10703;Sim
10694;Sim
10684;Sim
10683;Sim
10682;Sim
10661;Sim
10660;Sim
10657;Sim
10656;Sim
10654;Sim
10653;Sim
9851;SIM
10652;Sim
10649;Sim
10648;Sim
10637;Sim
10617;Sim
10616;Sim
10615;Sim
10614;Sim
10613;Sim
10611;Sim
10607;Sim
10606;Sim
10602;Sim
10601;Sim
9834;SIM
9833;SIM
10600;Sim
10599;Sim
10598;Sim
10591;Sim
9828;SIM
10589;Sim
9826;SIM
10574;Sim
10572;Sim
9823;SIM
10569;Sim
10565;Sim
10561;Sim
10559;Sim
10545;Sim
10544;Sim
10543;Sim
10542;Sim
9813;SIM
10541;Sim
9811;NÃO
10540;Sim
10516;Sim
10504;Sim
10501;Sim
10499;Sim
10498;Sim
10497;Sim
10487;Sim
10482;Sim
10472;Sim
10471;Sim
10470;Sim
10468;Sim
10467;Sim
10466;Sim
10443;Sim
10442;Sim
10405;Sim
10383;Sim
10377;Sim
10350;Sim
10343;Sim
10342;Sim
10706;Sim
10703;Sim
10694;Sim
10684;Sim
10683;Sim
10682;Sim
10661;Sim
10660;Sim
10657;Sim
10656;Sim
10654;Sim
10653;Sim
10652;Sim
9773;SIM
9772;SIM
9771;SIM
10649;Sim
9769;SIM
10648;Sim
10637;Sim
9766;SIM
10617;Sim
9764;SIM
9763;SIM
10616;Sim
9761;SIM
9760;SIM
9759;SIM
9758;SIM
9757;SIM
9756;SIM
10615;Sim
9754;SIM
9753;SIM
10614;Sim
10613;Sim
10611;Sim
9749;SIM
10607;Sim
10606;Sim
10602;Sim
10601;Sim
10600;Sim
10599;Sim
10598;Sim
10591;Sim
10589;Sim
10574;Sim
10572;Sim
9733;SIM
9732;SIM
9731;SIM
9730;SIM
9729;SIM
10569;Sim
9727;SIM
9726;SIM
9725;SIM
10565;Sim
10561;Sim
10559;Sim
10545;Sim
10544;Sim
10543;Sim
9718;SIM
9717;SIM
9716;SIM
9715;SIM
9713;SIM
9710;SIM
10542;Sim
10541;Sim
10540;Sim
9706;SIM
10516;Sim
10504;Sim
10501;Sim
10499;Sim
10498;Sim
10497;Sim
10487;Sim
10482;Sim
9697;NÃO
10472;Sim
10471;Sim
9694;SIM
10470;Sim
9692;SIM
9690;NÃO
9688;NÃO
9687;NÃO
9686;NÃO
9685;NÃO
9684;NÃO
9683;NÃO
9682;NÃO
9681;NÃO
10468;Sim
10467;Sim
10466;Sim
10443;Sim
10442;Sim
10405;Sim
10383;Sim
10377;Sim
10350;Sim
10343;Sim
9670;SIM
10342;Sim
9543;SIM
12895;Sim
10780;Sim
9215;NÃO
9211;NÃO
9210;NÃO
9208;NÃO
9207;NÃO
9206;NÃO
9185;NÃO
9142;NÃO
9141;NÃO
9137;NÃO
10776;Sim
9119;NÃO
10772;Sim
9083;NÃO
9081;NÃO
9080;NÃO
10770;Sim
10765;Sim
9057;NÃO
9011;NÃO
9010;NÃO
9008;NÃO
10763;Sim
10750;Sim
9003;NÃO
9002;NÃO
10745;Sim
8984;NÃO
8979;NÃO
8978;NÃO
8977;NÃO
8971;NÃO
8970;NÃO
10740;Sim
10739;Sim
8965;NÃO
8960;NÃO
10725;Sim
10723;Sim
12895;Sim
8956;NÃO
8954;NÃO
10780;Sim
8952;NÃO
8951;NÃO
8950;NÃO
10776;Sim
10772;Sim
10770;Sim
10765;Sim
10763;Sim
10750;Sim
8909;NÃO
8908;NÃO
8907;NÃO
10745;Sim
8904;NÃO
10740;Sim
9965;SIM
10739;Sim
9963;SIM
10725;Sim
9961;SIM
9960;SIM
10723;Sim
24573;Sim
9957;SIM
9956;SIM
24569;Sim
24566;Sim
9953;SIM
9952;SIM
24553;Sim
24542;Sim
24172;Sim
9948;SIM
24171;Sim
9946;SIM
9945;SIM
9944;SIM
9943;SIM
9942;SIM
9941;SIM
9940;SIM
9939;SIM
9938;SIM
9937;SIM
9936;SIM
9935;SIM
23045;Sim
23039;Sim
23024;Sim
9931;SIM
9930;SIM
9929;SIM
9928;SIM
9927;SIM
9926;SIM
9925;SIM
9924;SIM
9923;SIM
9922;SIM
23021;Sim
23019;Sim
9919;SIM
9918;SIM
9917;SIM
9916;SIM
9915;SIM
13282;Sim
13281;Sim
13280;Sim
9911;SIM
24573;Sim
24569;Sim
24566;Sim
24553;Sim
24542;Sim
24172;Sim
9904;SIM
9903;SIM
24171;Sim
23045;Sim
9900;NÃO
9899;NÃO
9898;NÃO
23039;Sim
9896;SIM
9895;SIM
9894;NÃO
9893;NÃO
23024;Sim
9891;SIM
9890;SIM
9889;SIM
9888;SIM
9887;NÃO
23021;Sim
23019;Sim
13282;Sim
9882;NÃO
9881;NÃO
9880;NÃO
9879;NÃO
13281;Sim
13280;Sim
55211;Sim
55209;Sim
9874;NÃO
9873;NÃO
55206;Sim
55198;Sim
55211;Sim
9868;SIM
9867;SIM
55209;Sim
55206;Sim
55198;Sim
10201;Sim
10201;Sim
10610;Sim
10610;Sim
8236;Sim
8084;Sim
7723;Sim
7707;Sim
8236;Sim
8084;Sim
7723;Sim
7707;Sim
9851;SIM
13004;Sim
13003;Sim
13002;Sim
13001;Sim
13000;Sim
12998;Sim
12989;Sim
12988;Sim
12987;Sim
12986;Sim
12985;Sim
12984;Sim
12961;Sim
12958;Sim
9834;SIM
9833;SIM
12957;Sim
12956;Sim
12952;Sim
12951;Sim
9828;SIM
12950;Sim
9826;SIM
12949;Sim
12948;Sim
9823;SIM
12947;Sim
12939;Sim
12938;Sim
12936;Sim
12935;Sim
12934;Sim
12931;Sim
12930;Sim
9813;SIM
12929;Sim
9811;NÃO
12928;Sim
12927;Sim
12924;Sim
12923;Sim
12922;Sim
12899;Sim
12898;Sim
12824;Sim
13004;Sim
13003;Sim
13002;Sim
13001;Sim
13000;Sim
12998;Sim
12989;Sim
12988;Sim
12987;Sim
12986;Sim
12985;Sim
12984;Sim
12961;Sim
12958;Sim
12957;Sim
12956;Sim
12952;Sim
12951;Sim
12950;Sim
12949;Sim
12948;Sim
12947;Sim
12939;Sim
12938;Sim
12936;Sim
12935;Sim
12934;Sim
12931;Sim
9773;SIM
9772;SIM
9771;SIM
12930;Sim
9769;SIM
12929;Sim
12928;Sim
9766;SIM
12927;Sim
9764;SIM
9763;SIM
12924;Sim
9761;SIM
9760;SIM
9759;SIM
9758;SIM
9757;SIM
9756;SIM
12923;Sim
9754;SIM
9753;SIM
12922;Sim
12899;Sim
12898;Sim
9749;SIM
12824;Sim
26146;Sim
26145;Sim
26143;Sim
26142;Sim
26130;Sim
26127;Sim
22556;Sim
22554;Sim
22312;Sim
22308;Sim
9733;SIM
9732;SIM
9731;SIM
9730;SIM
9729;SIM
20959;Sim
9727;SIM
9726;SIM
9725;SIM
20949;Sim
13209;Sim
13208;Sim
13186;Sim
13178;Sim
13176;Sim
9718;SIM
9717;SIM
9716;SIM
9715;SIM
9713;SIM
9710;SIM
13173;Sim
13172;Sim
13171;Sim
9706;SIM
13162;Sim
13161;Sim
13159;Sim
13158;Sim
13157;Sim
13151;Sim
13150;Sim
13149;Sim
9697;NÃO
13148;Sim
13145;Sim
9694;SIM
13140;Sim
9692;SIM
9690;NÃO
9688;NÃO
9687;NÃO
9686;NÃO
9685;NÃO
9684;NÃO
9683;NÃO
9682;NÃO
9681;NÃO
13139;Sim
13138;Sim
13137;Sim
13136;Sim
13134;Sim
13133;Sim
13131;Sim
13130;Sim
13129;Sim
13127;Sim
9670;SIM
13125;Sim
9543;SIM
13115;Sim
13111;Sim
9215;NÃO
9211;NÃO
9210;NÃO
9208;NÃO
9207;NÃO
9206;NÃO
9185;NÃO
9142;NÃO
9141;NÃO
9137;NÃO
13110;Sim
9119;NÃO
13109;Sim
9083;NÃO
9081;NÃO
9080;NÃO
13106;Sim
13105;Sim
9057;NÃO
9011;NÃO
9010;NÃO
9008;NÃO
13104;Sim
13103;Sim
9003;NÃO
9002;NÃO
13102;Sim
8984;NÃO
8979;NÃO
8978;NÃO
8977;NÃO
8971;NÃO
8970;NÃO
13101;Sim
13099;Sim
8965;NÃO
8960;NÃO
13098;Sim
13097;Sim
13096;Sim
8956;NÃO
8954;NÃO
13095;Sim
8952;NÃO
8951;NÃO
8950;NÃO
13094;Sim
13093;Sim
13092;Sim
13091;Sim
13090;Sim
13081;Sim
8909;NÃO
8908;NÃO
8907;NÃO
13080;Sim
8904;NÃO
13079;Sim
10339;SIM
13071;Sim
13069;Sim
10336;SIM
13065;Sim
13064;Sim
10333;SIM
13061;Sim
10331;SIM
10330;SIM
10329;SIM
10328;SIM
13058;Sim
13057;Sim
13055;Sim
10324;SIM
13054;Sim
13049;Sim
10321;SIM
10320;SIM
10319;SIM
13024;Sim
10317;SIM
13023;Sim
13022;Sim
10314;SIM
13020;Sim
13015;Sim
13013;Sim
10310;SIM
10309;SIM
10308;SIM
13006;Sim
26146;Sim
26145;Sim
26143;Sim
26142;Sim
26130;Sim
26127;Sim
22556;Sim
22554;Sim
22312;Sim
22308;Sim
20959;Sim
20949;Sim
13209;Sim
13208;Sim
13186;Sim
13178;Sim
10289;SIM
13176;Sim
10287;SIM
10286;SIM
10285;SIM
10284;SIM
10283;SIM
10282;SIM
13173;Sim
13172;Sim
13171;Sim
13162;Sim
10277;SIM
10276;SIM
13161;Sim
10274;SIM
13159;Sim
10272;SIM
13158;Sim
13157;Sim
13151;Sim
13150;Sim
13149;Sim
13148;Sim
13145;Sim
13140;Sim
13139;Sim
13138;Sim
13137;Sim
10258;SIM
13136;Sim
13134;Sim
10255;SIM
13133;Sim
13131;Sim
10251;SIM
10250;SIM
13130;Sim
13129;Sim
13127;Sim
13125;Sim
10245;NÃO
10244;NÃO
10243;NÃO
13115;Sim
10241;SIM
13111;Sim
13110;Sim
13109;Sim
10236;SIM
13106;Sim
13105;Sim
13104;Sim
10232;SIM
10231;SIM
10230;SIM
13103;Sim
13102;Sim
10227;SIM
10226;SIM
13101;Sim
10224;SIM
13099;Sim
10222;SIM
13098;Sim
13097;Sim
13096;Sim
13095;Sim
13094;Sim
13093;Sim
10215;SIM
10214;SIM
13092;Sim
13091;Sim
13090;Sim
10209;SIM
10208;SIM
10207;SIM
13081;Sim
10205;SIM
13080;Sim
13079;Sim
13071;Sim
13069;Sim
13065;Sim
13064;Sim
13061;Sim
10197;SIM
13058;Sim
13057;Sim
13055;Sim
10191;SIM
13054;Sim
10189;SIM
10188;SIM
10187;SIM
13049;Sim
13024;Sim
13023;Sim
13022;Sim
13020;Sim
13015;Sim
13013;Sim
13006;Sim
45425;Sim
10176;SIM
45378;Sim
45375;Sim
45356;Sim
45288;Sim
10171;SIM
10170;SIM
10169;SIM
44946;Sim
10167;SIM
45425;Sim
45378;Sim
10164;SIM
10163;SIM
45375;Sim
45356;Sim
10160;NÃO
10159;NÃO
10158;NÃO
10157;NÃO
10156;NÃO
45288;Sim
44946;Sim
10153;SIM
10152;SIM
7867;Sim
7854;Sim
7867;Sim
7854;Sim
13007;Sim
10146;SIM
10145;SIM
13007;Sim
8938;Não
8938;Não
10771;Não
10771;Não
39228;Não
36841;Não
36840;Não
36830;Não
36829;Não
32109;Não
39228;Não
36841;Não
36840;Não
36830;Não
36829;Não
10128;SIM
10127;SIM
10126;NÃO
10125;NÃO
32109;Não
10123;SIM
40746;Não
40720;Não
10120;SIM
40746;Não
40720;Não
10681;Não
10680;Não
10681;Não
10114;NÃO
10113;NÃO
10680;Não
10111;NÃO
8322;Não
8222;Não
8218;Não
8322;Não
8222;Não
8218;Não
26133;Não
10103;NÃO
26129;Não
20960;Não
26133;Não
26129;Não
20960;Não
10097;NÃO
10096;NÃO
9966;Não
10094;SIM
9964;Não
9950;Não
9886;Não
10089;NÃO
10088;NÃO
9871;Não
9866;Não
9862;Não
9860;Não
9858;Não
9836;Não
9835;Não
9831;Não
9830;Não
10078;NÃO
9829;Não
9820;Não
10075;NÃO
10074;SIM
9807;Não
10072;SIM
10070;SIM
10069;SIM
9806;Não
9805;Não
9804;Não
9803;Não
9802;Não
9801;Não
9799;Não
9798;Não
10060;SIM
9797;Não
9796;Não
9795;Não
10056;NÃO
9794;Não
9793;Não
9792;Não
9791;Não
9790;Não
10049;NÃO
10048;NÃO
10047;NÃO
10046;NÃO
9789;Não
9788;Não
9787;Não
10042;SIM
10041;NÃO
9786;Não
10039;SIM
10038;SIM
9774;Não
9770;Não
9755;Não
9752;Não
10033;SIM
10032;SIM
10031;NÃO
10030;NÃO
9751;Não
10027;SIM
10026;SIM
9750;Não
10024;SIM
9748;Não
9744;Não
10021;SIM
10020;SIM
9742;Não
9740;Não
9739;Não
9737;Não
9736;Não
10013;SIM
10012;SIM
10011;SIM
10010;SIM
10009;SIM
9724;Não
10007;SIM
9723;Não
9722;Não
10004;SIM
10003;NÃO
9721;Não
9708;Não
9707;Não
9701;Não
9700;Não
9699;Não
9996;SIM
9995;SIM
9994;SIM
9993;SIM
9992;SIM
9553;Não
9990;SIM
9966;Não
9964;Não
9987;SIM
9986;SIM
9985;SIM
9984;SIM
9983;SIM
9950;Não
9886;Não
9871;Não
9866;Não
9977;SIM
9862;Não
9860;Não
9858;Não
9836;Não
9835;Não
9831;Não
9830;Não
9829;Não
9968;SIM
9820;Não
9807;Não
10339;SIM
9806;Não
9805;Não
10336;SIM
9804;Não
9803;Não
10333;SIM
9802;Não
10331;SIM
10330;SIM
10329;SIM
10328;SIM
9801;Não
9799;Não
9798;Não
10324;SIM
9797;Não
9796;Não
10321;SIM
10320;SIM
10319;SIM
9795;Não
10317;SIM
9794;Não
9793;Não
10314;SIM
9792;Não
9791;Não
9790;Não
10310;SIM
10309;SIM
10308;SIM
9789;Não
9788;Não
9787;Não
9786;Não
9774;Não
9770;Não
9755;Não
9752;Não
9751;Não
9750;Não
9748;Não
9744;Não
9742;Não
9740;Não
9739;Não
9737;Não
9736;Não
10289;SIM
9724;Não
10287;SIM
10286;SIM
10285;SIM
10284;SIM
10283;SIM
10282;SIM
9723;Não
9722;Não
9721;Não
9708;Não
10277;SIM
10276;SIM
9707;Não
10274;SIM
9701;Não
10272;SIM
9700;Não
9699;Não
9553;Não
10338;Não
10337;Não
10335;Não
10306;Não
10304;Não
10303;Não
10301;Não
10300;Não
10258;SIM
10290;Não
10281;Não
10255;SIM
10280;Não
10265;Não
10251;SIM
10250;SIM
10263;Não
10249;Não
10248;Não
10247;Não
10245;NÃO
10244;NÃO
10243;NÃO
10239;Não
10241;SIM
10237;Não
10229;Não
10228;Não
10236;SIM
10225;Não
10211;Não
10193;Não
10232;SIM
10231;SIM
10230;SIM
10185;Não
10183;Não
10227;SIM
10226;SIM
10182;Não
10224;SIM
10180;Não
10222;SIM
10177;Não
10175;Não
10174;Não
10173;Não
10172;Não
10168;Não
10215;SIM
10214;SIM
10166;Não
10165;Não
10161;Não
10209;SIM
10208;SIM
10207;SIM
10149;Não
10205;SIM
10148;Não
10147;Não
10144;Não
10143;Não
10142;Não
10140;Não
10110;Não
10197;SIM
10107;Não
10106;Não
10091;Não
10191;SIM
10086;Não
10189;SIM
10188;SIM
10187;SIM
10073;Não
10066;Não
10055;Não
10050;Não
10044;Não
10035;Não
10034;Não
10023;Não
10019;Não
10176;SIM
10005;Não
10000;Não
9989;Não
9988;Não
10171;SIM
10170;SIM
10169;SIM
9976;Não
10167;SIM
9969;Não
9967;Não
10164;SIM
10163;SIM
10338;Não
10337;Não
10160;NÃO
10159;NÃO
10158;NÃO
10157;NÃO
10156;NÃO
10335;Não
10306;Não
10153;SIM
10152;SIM
10304;Não
10303;Não
10301;Não
10300;Não
10290;Não
10146;SIM
10145;SIM
10281;Não
10280;Não
10265;Não
10263;Não
10249;Não
10248;Não
10247;Não
10239;Não
10237;Não
10229;Não
10228;Não
10225;Não
10211;Não
10193;Não
10185;Não
10183;Não
10128;SIM
10127;SIM
10126;NÃO
10125;NÃO
10182;Não
10123;SIM
10180;Não
10177;Não
10120;SIM
10175;Não
10174;Não
10173;Não
10172;Não
10168;Não
10114;NÃO
10113;NÃO
10166;Não
10111;NÃO
10165;Não
10161;Não
10149;Não
10148;Não
10147;Não
10144;Não
10143;Não
10103;NÃO
10142;Não
10140;Não
10110;Não
10107;Não
10106;Não
10097;NÃO
10096;NÃO
10091;Não
10094;SIM
10086;Não
10073;Não
10066;Não
10089;NÃO
10088;NÃO
10055;Não
10050;Não
10044;Não
10035;Não
10034;Não
10023;Não
10019;Não
10005;Não
10000;Não
10078;NÃO
9989;Não
9988;Não
10075;NÃO
10074;SIM
9976;Não
10072;SIM
10070;SIM
10069;SIM
9969;Não
9967;Não
10700;Não
10698;Não
10696;Não
10693;Não
10690;Não
10689;Não
10060;SIM
10685;Não
10679;Não
10677;Não
10056;NÃO
10673;Não
10664;Não
10663;Não
10662;Não
10659;Não
10049;NÃO
10048;NÃO
10047;NÃO
10046;NÃO
10658;Não
10639;Não
10638;Não
10042;SIM
10041;NÃO
10626;Não
10039;SIM
10038;SIM
10605;Não
10588;Não
10587;Não
10586;Não
10033;SIM
10032;SIM
10031;NÃO
10030;NÃO
10575;Não
10027;SIM
10026;SIM
10560;Não
10024;SIM
10546;Não
10529;Não
10021;SIM
10020;SIM
10461;Não
10438;Não
10437;Não
10433;Não
10432;Não
10013;SIM
10012;SIM
10011;SIM
10010;SIM
10009;SIM
10430;Não
10007;SIM
10428;Não
10427;Não
10004;SIM
10003;NÃO
10426;Não
10422;Não
10420;Não
10406;Não
10400;Não
10398;Não
9996;SIM
9995;SIM
9994;SIM
9993;SIM
9992;SIM
10397;Não
9990;SIM
10366;Não
10365;Não
9987;SIM
9986;SIM
9985;SIM
9984;SIM
9983;SIM
10357;Não
10356;Não
10354;Não
10353;Não
9977;SIM
10700;Não
10698;Não
10696;Não
10693;Não
10690;Não
10689;Não
10685;Não
10679;Não
9968;SIM
10677;Não
10719;NÃO
10717;NÃO
10716;SIM
10673;Não
10664;Não
10713;NÃO
10712;NÃO
10711;NÃO
10710;NÃO
10663;Não
10662;Não
10707;SIM
10659;Não
10705;SIM
10704;SIM
10658;Não
10702;SIM
10701;SIM
10639;Não
10638;Não
10626;Não
10697;SIM
10605;Não
10695;SIM
10588;Não
10587;Não
10692;SIM
10691;SIM
10586;Não
10575;Não
10560;Não
10686;SIM
10546;Não
10529;Não
10461;Não
10438;Não
10437;Não
10433;Não
10432;Não
10430;Não
10428;Não
10675;SIM
10674;SIM
10427;Não
10672;SIM
10671;SIM
10426;Não
10422;Não
10420;Não
10667;NÃO
10666;NÃO
10665;NÃO
10406;Não
10400;Não
10398;Não
10397;Não
10366;Não
10365;Não
10357;Não
10356;Não
10354;Não
10353;Não
10778;Não
10777;Não
10774;Não
10651;SIM
10650;SIM
10767;Não
10762;Não
10647;SIM
10646;SIM
10645;SIM
10644;SIM
10643;SIM
10738;Não
10778;Não
10777;Não
10774;Não
10767;Não
10636;SIM
10635;SIM
10634;SIM
10633;SIM
10762;Não
10738;Não
24830;Não
24712;Não
24830;Não
10627;SIM
24712;Não
10625;NÃO
10624;NÃO
10623;NÃO
10622;NÃO
10621;NÃO
10620;NÃO
10619;NÃO
10618;NÃO
55203;Não
55200;Não
55203;Não
55200;Não
9959;Não
10612;SIM
9947;Não
9920;Não
9959;Não
9947;Não
9920;Não
10604;SIM
10121;Não
10036;Não
10121;Não
10036;Não
150;Não
135;Não
10597;NÃO
10596;NÃO
10595;NÃO
10594;NÃO
10593;NÃO
10592;SIM
150;Não
10590;NÃO
135;Não
45422;Não
45407;Não
45405;Não
45354;Não
45342;Não
10583;NÃO
45422;Não
45407;Não
45405;Não
45354;Não
45342;Não
161;Não
161;Não
11204;Não
11203;Não
11200;Não
11199;Não
11204;Não
11203;Não
11200;Não
11199;Não
24548;Não
24548;Não
10564;SIM
24596;Não
24596;Não
39598;Não
10557;SIM
39598;Não
10548;NÃO
10547;NÃO
10576;Não
10576;Não
42892;Não
41922;Não
42892;Não
41922;Não
24788;Não
24788;Não
246;Não
218;Não
211;Não
210;Não
98;Não
82;Não
80;Não
75;Não
44;Não
246;Não
218;Não
10526;SIM
10525;SIM
10524;NÃO
10523;NÃO
211;Não
210;Não
10520;SIM
98;Não
82;Não
10517;SIM
80;Não
75;Não
44;Não
10758;Não
10757;Não
10755;Não
10758;Não
10757;Não
10508;NÃO
10507;NÃO
10755;Não
12893;Não
12892;Não
10503;NÃO
10502;NÃO
12893;Não
12892;Não
158;Não
156;Não
158;Não
156;Não
10495;SIM
10483;Não
10469;Não
10483;Não
10469;Não
10489;SIM
10488;SIM
24592;Não
10486;NÃO
24592;Não
10484;SIM
239;Não
207;Não
10481;SIM
10480;NÃO
198;Não
10478;NÃO
10477;NÃO
10476;SIM
10475;SIM
10474;NÃO
10473;NÃO
172;Não
138;Não
137;Não
54;Não
34;Não
32;Não
27;Não
26;Não
10464;SIM
10463;SIM
10462;SIM
25;Não
20;Não
17;Não
14;Não
5;Não
4;Não
239;Não
207;Não
198;Não
172;Não
138;Não
137;Não
54;Não
34;Não
32;Não
27;Não
26;Não
25;Não
20;Não
17;Não
14;Não
5;Não
4;Não
7988;Não
10436;SIM
7988;Não
10028;Não
10028;Não
38956;Não
10431;SIM
38457;Não
38956;Não
38457;Não
40529;Não
40529;Não
10425;SIM
41101;Não
41101;Não
41792;Não
10421;SIM
41681;Não
10419;SIM
10418;SIM
41792;Não
41681;Não
12921;Não
12918;Não
12917;Não
10412;SIM
12921;Não
12918;Não
12917;Não
12904;Não
12904;Não
13017;Não
13017;Não
10404;SIM
10403;SIM
10402;SIM
10401;SIM
12915;Não
12915;Não
25501;Não
25501;Não
256;Não
255;Não
253;Não
252;Não
10388;NÃO
10387;NÃO
10386;NÃO
10385;NÃO
10384;NÃO
256;Não
10382;SIM
10380;SIM
10379;SIM
10378;SIM
255;Não
10376;SIM
10375;SIM
10374;SIM
10373;SIM
10372;SIM
253;Não
252;Não
24593;Não
24593;Não
24577;Não
24559;Não
24577;Não
24559;Não
9991;Não
10361;SIM
10360;SIM
10359;SIM
10358;SIM
9991;Não
24169;Não
24169;Não
233;Não
231;Não
230;Não
10351;SIM
233;Não
10349;NÃO
10348;SIM
10347;SIM
10345;NÃO
10344;NÃO
231;Não
230;Não
8603;Não
10719;NÃO
10717;NÃO
10716;SIM
8602;Não
8425;Não
10713;NÃO
10712;NÃO
10711;NÃO
10710;NÃO
8603;Não
8602;Não
10707;SIM
8425;Não
10705;SIM
10704;SIM
9218;Não
10702;SIM
10701;SIM
9217;Não
9085;Não
9078;Não
10697;SIM
8969;Não
10695;SIM
8958;Não
9218;Não
10692;SIM
10691;SIM
9217;Não
9085;Não
9078;Não
10686;SIM
8969;Não
8958;Não
10014;Não
10014;Não
10748;Não
10748;Não
28044;Não
28044;Não
39199;Não
10675;SIM
10674;SIM
39190;Não
10672;SIM
10671;SIM
39189;Não
38219;Não
37930;Não
10667;NÃO
10666;NÃO
10665;NÃO
37806;Não
39199;Não
39190;Não
39189;Não
38219;Não
37930;Não
37806;Não
42883;Não
41819;Não
40537;Não
40269;Não
40268;Não
42883;Não
10651;SIM
10650;SIM
41819;Não
40537;Não
10647;SIM
10646;SIM
10645;SIM
10644;SIM
10643;SIM
40269;Não
40268;Não
37600;Não
37600;Não
42886;Sim
10636;SIM
10635;SIM
10634;SIM
10633;SIM
42886;Sim
38148;Sim
38148;Sim
42887;Sim
42885;Sim
10627;SIM
42884;Sim
10625;NÃO
10624;NÃO
10623;NÃO
10622;NÃO
10621;NÃO
10620;NÃO
10619;NÃO
10618;NÃO
42880;Sim
42879;Sim
42868;Sim
42887;Sim
42885;Sim
10612;SIM
42884;Sim
42880;Sim
42879;Sim
42868;Sim
37892;Não
10604;SIM
37892;Não
42820;Não
42820;Não
12999;Não
12982;Não
12981;Não
10597;NÃO
10596;NÃO
10595;NÃO
10594;NÃO
10593;NÃO
10592;SIM
12980;Não
10590;NÃO
12967;Não
12964;Não
12963;Não
12962;Não
12960;Não
12959;Não
10583;NÃO
12937;Não
12933;Não
12926;Não
12925;Não
12897;Não
12772;Não
12999;Não
12982;Não
12981;Não
12980;Não
12967;Não
12964;Não
12963;Não
12962;Não
12960;Não
12959;Não
12937;Não
10564;SIM
12933;Não
12926;Não
12925;Não
10557;SIM
12897;Não
10548;NÃO
10547;NÃO
12772;Não
13132;Não
13124;Não
13123;Não
13122;Não
13132;Não
13124;Não
13123;Não
13122;Não
22246;Sim
21600;Sim
22246;Sim
21600;Sim
42567;Não
42186;Não
42183;Não
42097;Não
42096;Não
42091;Não
10526;SIM
10525;SIM
10524;NÃO
10523;NÃO
42090;Não
42089;Não
10520;SIM
41905;Não
41741;Não
10517;SIM
42567;Não
42186;Não
42183;Não
42097;Não
42096;Não
42091;Não
42090;Não
42089;Não
10508;NÃO
10507;NÃO
41905;Não
41741;Não
42402;Não
10503;NÃO
10502;NÃO
42402;Não
42890;Não
42890;Não
22009;Não
22009;Não
25499;Não
10495;SIM
25499;Não
250;Não
247;Não
245;Não
10489;SIM
10488;SIM
244;Não
10486;NÃO
219;Não
10484;SIM
213;Não
209;Não
10481;SIM
10480;NÃO
199;Não
10478;NÃO
10477;NÃO
10476;SIM
10475;SIM
10474;NÃO
10473;NÃO
196;Não
195;Não
194;Não
192;Não
185;Não
165;Não
164;Não
162;Não
10464;SIM
10463;SIM
10462;SIM
160;Não
159;Não
157;Não
149;Não
143;Não
142;Não
140;Não
132;Não
115;Não
111;Não
109;Não
100;Não
94;Não
91;Não
53;Não
35;Não
29;Não
24;Não
21;Não
16;Não
250;Não
247;Não
245;Não
244;Não
10436;SIM
219;Não
213;Não
209;Não
199;Não
10431;SIM
196;Não
195;Não
194;Não
192;Não
185;Não
10425;SIM
165;Não
164;Não
162;Não
10421;SIM
160;Não
10419;SIM
10418;SIM
159;Não
157;Não
149;Não
143;Não
142;Não
10412;SIM
140;Não
132;Não
115;Não
111;Não
109;Não
100;Não
94;Não
10404;SIM
10403;SIM
10402;SIM
10401;SIM
91;Não
53;Não
35;Não
29;Não
24;Não
21;Não
16;Não
24590;Não
10388;NÃO
10387;NÃO
10386;NÃO
10385;NÃO
10384;NÃO
24590;Não
10382;SIM
10380;SIM
10379;SIM
10378;SIM
238;Não
10376;SIM
10375;SIM
10374;SIM
10373;SIM
10372;SIM
237;Não
236;Não
103;Não
102;Não
101;Não
42;Não
41;Não
40;Não
39;Não
10361;SIM
10360;SIM
10359;SIM
10358;SIM
38;Não
37;Não
238;Não
237;Não
236;Não
103;Não
10351;SIM
102;Não
10349;NÃO
10348;SIM
10347;SIM
10345;NÃO
10344;NÃO
101;Não
42;Não
41;Não
13005;SIM
40;Não
39;Não
38;Não
37;Não
8611;Não
8610;Não
8609;Não
12997;SIM
12996;NÃO
8503;Não
8502;Não
12993;SIM
12992;SIM
12991;SIM
8501;Não
8495;Não
8494;Não
8455;Não
8447;Não
8432;Não
8431;Não
8409;Não
8408;Não
8407;Não
8406;Não
8400;Não
12975;NÃO
8396;Não
8611;Não
8610;Não
12971;SIM
12970;SIM
12969;SIM
12968;SIM
8609;Não
8503;Não
12965;SIM
8502;Não
8501;Não
8495;Não
8494;Não
8455;Não
8447;Não
8432;Não
8431;Não
8409;Não
8408;Não
8407;Não
8406;Não
8400;Não
8396;Não
9875;Não
9875;Não
10240;Não
10155;Não
12946;NÃO
10154;Não
9981;Não
10240;Não
12942;SIM
10155;Não
12940;SIM
10154;Não
9981;Não
10642;Não
10641;Não
10581;Não
10580;Não
10445;Não
10444;Não
10434;Não
10642;Não
10641;Não
10581;Não
10580;Não
10445;Não
10444;Não
10434;Não
11250;Não
11249;Não
12920;NÃO
12919;NÃO
11248;Não
11246;Não
11245;Não
11244;Não
11243;Não
11242;Não
11241;Não
11240;Não
12909;SIM
12908;SIM
12907;SIM
12906;SIM
11239;Não
11238;Não
11237;Não
11236;Não
12901;SIM
11235;Não
11234;Não
11233;Não
11232;Não
11231;Não
11230;Não
12851;SIM
11229;Não
11228;Não
11227;Não
11226;Não
11225;Não
11224;Não
11223;Não
11222;Não
11221;Não
11220;Não
11219;Não
11218;Não
11217;Não
11216;Não
11215;Não
11214;Não
11213;Não
11212;Não
12821;SIM
12820;SIM
11211;Não
11210;Não
11209;Não
11208;Não
11207;Não
11206;Não
11205;Não
12812;SIM
11202;Não
11201;Não
11198;Não
11195;Não
11194;Não
11193;Não
11192;Não
11191;Não
11190;Não
11189;Não
11188;Não
11187;Não
11186;Não
11185;Não
11182;Não
11181;Não
11180;Não
11178;Não
11177;Não
11247;NÃO
11176;Não
11175;Não
11174;Não
11173;Não
11172;Não
11171;Não
11170;Não
11169;Não
11168;Não
11167;Não
11166;Não
11165;Não
11164;Não
11162;Não
11161;Não
11160;Não
11159;Não
11158;Não
11139;Não
11136;Não
11134;Não
11133;Não
11132;Não
11131;Não
11130;Não
11127;Não
11126;Não
11124;Não
11120;Não
11119;Não
11118;Não
11250;Não
11249;Não
11248;Não
11246;Não
11245;Não
11244;Não
11243;Não
11242;Não
11241;Não
11240;Não
11239;Não
11238;Não
11237;Não
11236;Não
11235;Não
11234;Não
11233;Não
11232;Não
11231;Não
11230;Não
11229;Não
11228;Não
11227;Não
11226;Não
11225;Não
11224;Não
11223;Não
11222;Não
11221;Não
11220;Não
11219;Não
11218;Não
11217;Não
11216;Não
11215;Não
11214;Não
11179;NÃO
11213;Não
11212;Não
11211;Não
11210;Não
11209;Não
11208;Não
11207;Não
11206;Não
11205;Não
11202;Não
11201;Não
11198;Não
11195;Não
11194;Não
11193;Não
11192;Não
11191;Não
11190;Não
11189;Não
11188;Não
11187;Não
11186;Não
11185;Não
11182;Não
11181;Não
11180;Não
11178;Não
11177;Não
11176;Não
11175;Não
11174;Não
11173;Não
11172;Não
11171;Não
11170;Não
11169;Não
11168;Não
11167;Não
11166;Não
10784;SIM
10783;SIM
10782;SIM
10781;SIM
11165;Não
11164;Não
11162;Não
11161;Não
11160;Não
10775;NÃO
11159;Não
10773;NÃO
11158;Não
11139;Não
11136;Não
10769;SIM
10768;SIM
11134;Não
10766;SIM
11133;Não
10764;SIM
11132;Não
11131;Não
11130;Não
11127;Não
11126;Não
11124;Não
11120;Não
11119;Não
10749;NÃO
11118;Não
10747;NÃO
10746;NÃO
24586;Não
24584;Não
24581;Não
24579;Não
24576;Não
24571;Não
24565;Não
24563;Não
10737;NÃO
10736;NÃO
10735;NÃO
10734;NÃO
10733;NÃO
10732;NÃO
10731;NÃO
10730;NÃO
24555;Não
24541;Não
24586;Não
10726;SIM
24584;Não
10724;SIM
24581;Não
24579;Não
10721;NÃO
13005;SIM
24576;Não
24571;Não
24565;Não
24563;Não
24555;Não
24541;Não
24572;Não
12997;SIM
12996;NÃO
24572;Não
24513;Não
12993;SIM
12992;SIM
12991;SIM
24513;Não
19838;Não
19838;Não
8857;Não
8791;Não
8766;Não
8687;Não
8607;Não
8584;Não
8583;Não
8857;Não
8791;Não
12975;NÃO
8766;Não
8687;Não
8607;Não
12971;SIM
12970;SIM
12969;SIM
12968;SIM
8584;Não
8583;Não
12965;SIM
9077;Não
8966;Não
8957;Não
8948;Não
8947;Não
8946;Não
8939;Não
8915;Não
8905;Não
9077;Não
8966;Não
8957;Não
8948;Não
8947;Não
8946;Não
8939;Não
8915;Não
8905;Não
12946;NÃO
224;Não
224;Não
24591;Não
12942;SIM
24591;Não
12940;SIM
12831;Sim
12829;Sim
12817;Sim
12811;Sim
12810;Sim
12809;Sim
12795;Sim
12792;Sim
12831;Sim
12829;Sim
12817;Sim
12811;Sim
12810;Sim
12809;Sim
12795;Sim
12792;Sim
8237;Não
8237;Não
12920;NÃO
12919;NÃO
20958;Não
20958;Não
8526;Não
8526;Não
45433;Sim
45380;Sim
45433;Sim
45380;Sim
12909;SIM
12908;SIM
12907;SIM
12906;SIM
55;Não
55;Não
8605;Não
8567;Não
12901;SIM
8605;Não
8567;Não
9901;Não
9901;Não
12839;Não
12837;Não
12851;SIM
12836;Não
12819;Não
12818;Não
12807;Não
12797;Não
12796;Não
12839;Não
12837;Não
12836;Não
12819;Não
12818;Não
12807;Não
12797;Não
12796;Não
13202;Não
13198;Não
13196;Não
13195;Não
12821;SIM
12820;SIM
13167;Não
13202;Não
13198;Não
13196;Não
13195;Não
13167;Não
71;Não
12812;SIM
71;Não
6847;Não
6847;Não
12835;Sim
12830;Sim
12822;Sim
12816;Sim
12801;Sim
12799;Sim
12835;Sim
12830;Sim
12822;Sim
12816;Sim
12801;Sim
12799;Sim
20945;Sim
13206;Sim
13204;Sim
13170;Sim
11247;NÃO
13146;Sim
13143;Sim
13088;Sim
13087;Sim
13086;Sim
13085;Sim
13059;Sim
13056;Sim
13046;Sim
20945;Sim
13206;Sim
13204;Sim
13170;Sim
13146;Sim
13143;Sim
13088;Sim
13087;Sim
13086;Sim
13085;Sim
13059;Sim
13056;Sim
13046;Sim
24790;Sim
24790;Sim
10479;Não
10479;Não
9909;Não
9908;Não
9907;Não
9906;Não
9905;Não
9720;Não
9719;Não
9705;Não
9704;Não
9703;Não
9702;Não
8959;Não
9909;Não
9908;Não
9907;Não
9906;Não
9905;Não
9720;Não
9719;Não
9705;Não
9704;Não
9703;Não
9702;Não
8959;Não
10043;Não
10040;Não
10043;Não
10040;Não
10549;Não
10549;Não
24588;Não
24588;Não
37420;Não
37420;Não
42891;Não
42876;Não
42891;Não
42876;Não
257;Não
257;Não
10756;Não
11179;NÃO
10756;Não
42517;Não
42478;Não
42092;Não
42517;Não
42478;Não
42092;Não
41080;Não
41080;Não
8398;Não
8398;Não
42875;Não
42471;Não
42462;Não
42875;Não
42471;Não
42462;Não
22302;Não
22302;Não
11197;Não
11140;Não
11129;Não
11197;Não
11140;Não
11129;Não
24585;Não
24585;Não
204;Sim
191;Sim
180;Sim
146;Sim
145;Sim
134;Sim
121;Sim
33;Sim
204;Sim
191;Sim
180;Sim
146;Sim
10784;SIM
10783;SIM
10782;SIM
10781;SIM
145;Sim
134;Sim
121;Sim
33;Sim
8834;Sim
10775;NÃO
8834;Sim
10773;NÃO
10252;Sim
10065;Sim
10252;Sim
10769;SIM
10768;SIM
10065;Sim
10766;SIM
10676;Sim
10764;SIM
10655;Sim
10424;Sim
10423;Sim
10676;Sim
10655;Sim
10424;Sim
10423;Sim
11163;Sim
10749;NÃO
11163;Sim
10747;NÃO
10746;NÃO
28537;Sim
28532;Sim
28242;Sim
27271;Sim
27270;Sim
27179;Sim
26558;Sim
26271;Sim
10737;NÃO
10736;NÃO
10735;NÃO
10734;NÃO
10733;NÃO
10732;NÃO
10731;NÃO
10730;NÃO
28537;Sim
28532;Sim
28242;Sim
10726;SIM
27271;Sim
10724;SIM
27270;Sim
27179;Sim
10721;NÃO
26558;Sim
26271;Sim
39406;Sim
39404;Sim
39397;Sim
39386;Sim
39377;Sim
39337;Sim
39335;Sim
39334;Sim
39333;Sim
39304;Sim
26559;NÃO
39303;Sim
39271;Sim
26149;SIM
26148;NÃO
26147;NÃO
39243;Sim
39203;Sim
26144;SIM
39202;Sim
39141;Sim
26141;SIM
26140;SIM
26139;SIM
39140;Sim
26137;SIM
26136;SIM
26135;NÃO
39139;Sim
39138;Sim
26131;SIM
39136;Sim
39135;Sim
39134;Sim
39106;Sim
26126;NÃO
26002;NÃO
25919;SIM
25828;NÃO
25827;NÃO
25826;NÃO
25683;NÃO
25505;NÃO
25504;NÃO
39085;Sim
25502;NÃO
39060;Sim
25500;NÃO
39059;Sim
25498;NÃO
25496;NÃO
39034;Sim
25089;SIM
25054;NÃO
38980;Sim
24828;SIM
24825;SIM
38967;Sim
38963;Sim
38954;Sim
24785;SIM
24784;SIM
24740;SIM
38944;Sim
38875;Sim
38872;Sim
24614;NÃO
38812;Sim
38811;Sim
38810;Sim
38782;Sim
38781;Sim
38764;Sim
38759;Sim
38753;Sim
38752;Sim
24583;NÃO
38751;Sim
24580;SIM
38729;Sim
24578;NÃO
38658;Sim
38651;Sim
24575;NÃO
38650;Sim
38643;Sim
38623;Sim
24570;NÃO
38622;Sim
24568;NÃO
38560;Sim
38542;Sim
24564;NÃO
38522;Sim
38520;Sim
24561;NÃO
24560;NÃO
38519;Sim
24558;NÃO
38518;Sim
24556;SIM
38504;Sim
38503;Sim
24552;NÃO
38501;Sim
38500;Sim
24549;NÃO
38418;Sim
38417;Sim
24544;NÃO
38406;Sim
38343;Sim
24538;NÃO
38326;Sim
24506;NÃO
38275;Sim
38240;Sim
38235;Sim
38234;Sim
38231;Sim
38188;Sim
38182;Sim
38180;Sim
38163;Sim
23064;NÃO
38162;Sim
38093;Sim
38092;Sim
38059;Sim
38054;Sim
23051;NÃO
23047;NÃO
23046;NÃO
38051;Sim
38050;Sim
38049;Sim
23042;NÃO
38048;Sim
38047;Sim
23031;NÃO
38046;Sim
37918;Sim
23027;SIM
23026;SIM
23025;SIM
37917;Sim
23023;SIM
23022;SIM
37916;Sim
37915;Sim
37914;Sim
23018;NÃO
23017;SIM
37913;Sim
37912;Sim
37911;Sim
37876;Sim
22517;NÃO
37875;Sim
37869;Sim
37824;Sim
22275;SIM
37781;Sim
22173;NÃO
22155;NÃO
22154;SIM
22144;SIM
37736;Sim
37735;Sim
37732;Sim
37704;Sim
20961;SIM
37698;Sim
37679;Sim
37662;Sim
20957;SIM
20956;SIM
20955;SIM
20954;SIM
20953;SIM
20952;NÃO
20951;SIM
37549;Sim
37548;Sim
20946;SIM
37488;Sim
37463;Sim
20943;SIM
20942;SIM
20941;SIM
20940;NÃO
20892;SIM
37434;Sim
19949;SIM
37429;Sim
19750;NÃO
19749;NÃO
19748;NÃO
37419;Sim
15373;NÃO
37417;Sim
37415;Sim
37365;Sim
37348;Sim
37347;Sim
37346;Sim
37320;Sim
37316;Sim
37315;Sim
13277;NÃO
37313;Sim
37312;Sim
37273;Sim
37267;Sim
37255;Sim
37244;Sim
37118;Sim
37117;Sim
37109;Sim
37003;Sim
36994;Sim
36976;Sim
36961;Sim
13193;NÃO
13189;NÃO
36943;Sim
36893;Sim
36836;Sim
36828;Sim
13175;NÃO
13174;NÃO
36826;Sim
36825;Sim
36811;Sim
36810;Sim
36809;Sim
36248;Sim
36247;Sim
36246;Sim
36235;Sim
36234;Sim
13156;NÃO
13155;NÃO
13154;NÃO
13152;NÃO
36233;Sim
34170;Sim
39406;Sim
39404;Sim
39397;Sim
39386;Sim
39377;Sim
39337;Sim
39335;Sim
39334;Sim
39333;Sim
39304;Sim
39303;Sim
39271;Sim
39243;Sim
39203;Sim
39202;Sim
39141;Sim
39140;Sim
39139;Sim
39138;Sim
39136;Sim
39135;Sim
39134;Sim
39106;Sim
39085;Sim
39060;Sim
39059;Sim
39034;Sim
38980;Sim
38967;Sim
38963;Sim
38954;Sim
38944;Sim
38875;Sim
38872;Sim
38812;Sim
38811;Sim
38810;Sim
38782;Sim
38781;Sim
38764;Sim
38759;Sim
38753;Sim
38752;Sim
38751;Sim
38729;Sim
38658;Sim
38651;Sim
38650;Sim
38643;Sim
38623;Sim
38622;Sim
38560;Sim
38542;Sim
38522;Sim
38520;Sim
38519;Sim
38518;Sim
38504;Sim
38503;Sim
38501;Sim
38500;Sim
38418;Sim
38417;Sim
38406;Sim
38343;Sim
38326;Sim
38275;Sim
38240;Sim
38235;Sim
38234;Sim
38231;Sim
38188;Sim
38182;Sim
13012;NÃO
13011;SIM
13010;SIM
13009;SIM
38180;Sim
38163;Sim
38162;Sim
38093;Sim
38092;Sim
38059;Sim
38054;Sim
38051;Sim
38050;Sim
38049;Sim
38048;Sim
38047;Sim
38046;Sim
37918;Sim
26559;NÃO
37917;Sim
37916;Sim
26149;SIM
26148;NÃO
26147;NÃO
37915;Sim
37914;Sim
26144;SIM
37913;Sim
37912;Sim
26141;SIM
26140;SIM
26139;SIM
37911;Sim
26137;SIM
26136;SIM
26135;NÃO
37876;Sim
37875;Sim
26131;SIM
37869;Sim
37824;Sim
37781;Sim
37736;Sim
26126;NÃO
26002;NÃO
25919;SIM
25828;NÃO
25827;NÃO
25826;NÃO
25683;NÃO
25505;NÃO
25504;NÃO
37735;Sim
25502;NÃO
37732;Sim
25500;NÃO
37704;Sim
25498;NÃO
25496;NÃO
37698;Sim
25089;SIM
25054;NÃO
37679;Sim
24828;SIM
24825;SIM
37662;Sim
37549;Sim
37548;Sim
24785;SIM
24784;SIM
24740;SIM
37488;Sim
37463;Sim
37434;Sim
24614;NÃO
37429;Sim
37419;Sim
37417;Sim
37415;Sim
37365;Sim
37348;Sim
37347;Sim
37346;Sim
37320;Sim
24583;NÃO
37316;Sim
24580;SIM
37315;Sim
24578;NÃO
37313;Sim
37312;Sim
24575;NÃO
37273;Sim
37267;Sim
37255;Sim
24570;NÃO
37244;Sim
24568;NÃO
37118;Sim
37117;Sim
24564;NÃO
37109;Sim
37003;Sim
24561;NÃO
24560;NÃO
36994;Sim
24558;NÃO
36976;Sim
24556;SIM
36961;Sim
36943;Sim
24552;NÃO
36893;Sim
36836;Sim
24549;NÃO
36828;Sim
36826;Sim
24544;NÃO
36825;Sim
36811;Sim
24538;NÃO
36810;Sim
24506;NÃO
36809;Sim
36248;Sim
36247;Sim
36246;Sim
36235;Sim
36234;Sim
36233;Sim
34170;Sim
40886;Sim
23064;NÃO
40884;Sim
40769;Sim
40767;Sim
40742;Sim
40721;Sim
23051;NÃO
23047;NÃO
23046;NÃO
40716;Sim
40636;Sim
40635;Sim
23042;NÃO
40564;Sim
40563;Sim
23031;NÃO
40528;Sim
40521;Sim
23027;SIM
23026;SIM
23025;SIM
40520;Sim
23023;SIM
23022;SIM
40519;Sim
40343;Sim
40340;Sim
23018;NÃO
23017;SIM
40334;Sim
40330;Sim
40319;Sim
40282;Sim
22517;NÃO
40219;Sim
40171;Sim
40170;Sim
22275;SIM
40131;Sim
22173;NÃO
22155;NÃO
22154;SIM
22144;SIM
40121;Sim
39923;Sim
39922;Sim
39920;Sim
20961;SIM
39919;Sim
39918;Sim
39911;Sim
20957;SIM
20956;SIM
20955;SIM
20954;SIM
20953;SIM
20952;NÃO
20951;SIM
39893;Sim
39892;Sim
20946;SIM
39877;Sim
39876;Sim
20943;SIM
20942;SIM
20941;SIM
20940;NÃO
20892;SIM
39875;Sim
19949;SIM
39865;Sim
19750;NÃO
19749;NÃO
19748;NÃO
39860;Sim
15373;NÃO
39849;Sim
39833;Sim
39832;Sim
39829;Sim
39791;Sim
39790;Sim
39784;Sim
39762;Sim
39761;Sim
13277;NÃO
39754;Sim
39752;Sim
39741;Sim
39740;Sim
39738;Sim
39737;Sim
39736;Sim
39735;Sim
39734;Sim
39733;Sim
39728;Sim
39726;Sim
39725;Sim
13193;NÃO
13189;NÃO
39723;Sim
39718;Sim
39714;Sim
39704;Sim
13175;NÃO
13174;NÃO
39701;Sim
39696;Sim
39691;Sim
39690;Sim
39683;Sim
39670;Sim
39669;Sim
39668;Sim
39659;Sim
39644;Sim
13156;NÃO
13155;NÃO
13154;NÃO
13152;NÃO
39626;Sim
39622;Sim
39621;Sim
39595;Sim
39594;Sim
39593;Sim
39592;Sim
39510;Sim
40886;Sim
40884;Sim
40769;Sim
40767;Sim
40742;Sim
40721;Sim
40716;Sim
40636;Sim
40635;Sim
40564;Sim
40563;Sim
40528;Sim
40521;Sim
40520;Sim
40519;Sim
40343;Sim
40340;Sim
40334;Sim
40330;Sim
40319;Sim
40282;Sim
40219;Sim
40171;Sim
40170;Sim
40131;Sim
40121;Sim
39923;Sim
39922;Sim
39920;Sim
39919;Sim
39918;Sim
39911;Sim
39893;Sim
39892;Sim
39877;Sim
39876;Sim
39875;Sim
39865;Sim
39860;Sim
39849;Sim
39833;Sim
39832;Sim
39829;Sim
39791;Sim
39790;Sim
39784;Sim
39762;Sim
39761;Sim
39754;Sim
39752;Sim
39741;Sim
39740;Sim
39738;Sim
39737;Sim
39736;Sim
39735;Sim
39734;Sim
39733;Sim
39728;Sim
39726;Sim
39725;Sim
39723;Sim
39718;Sim
39714;Sim
39704;Sim
39701;Sim
39696;Sim
13012;NÃO
13011;SIM
13010;SIM
13009;SIM
39691;Sim
39690;Sim
39428;SIM
39683;Sim
39670;Sim
39669;Sim
39668;Sim
39659;Sim
39644;Sim
39626;Sim
39622;Sim
39621;Sim
39595;Sim
39594;Sim
39593;Sim
39592;Sim
39510;Sim
38039;Não
38039;Não
40536;Não
40536;Não
47245;Não
47240;Não
47245;Não
47240;Não
11196;Não
11196;Não
10571;Não
10571;Não
7368;Não
7368;Não
8427;Não
8426;Não
8427;Não
8426;Não
9910;Não
9897;Não
9852;Não
9673;Não
9910;Não
9897;Não
9852;Não
9673;Não
9999;Não
9999;Não
10446;Não
10435;Não
10446;Não
10435;Não
10729;Não
10728;Não
10729;Não
10728;Não
229;Não
228;Não
227;Não
229;Não
228;Não
227;Não
25090;Não
20944;Não
25090;Não
20944;Não
186;Não
186;Não
10458;Não
10456;Não
10455;Não
10454;Não
10453;Não
10452;Não
10451;Não
10450;Não
10449;Não
10458;Não
10456;Não
38907;SIM
38904;SIM
10455;Não
10454;Não
10453;Não
10452;Não
10451;Não
10450;Não
10449;Não
12976;Não
12974;Não
12972;Não
12944;Não
12912;Não
12911;Não
12910;Não
12976;Não
12974;Não
12972;Não
12944;Não
12912;Não
12911;Não
12910;Não
12973;Não
12966;Não
38619;SIM
12943;Não
12914;Não
12913;Não
12905;Não
12903;Não
12902;Não
12973;Não
12966;Não
12943;Não
12914;Não
12913;Não
12905;Não
12903;Não
12902;Não
8131;Sim
8085;Sim
7956;Sim
7584;Sim
7390;Sim
7383;Sim
8131;Sim
8085;Sim
7956;Sim
7584;Sim
7390;Sim
7383;Sim
45357;Sim
45357;Sim
24721;Sim
24716;Sim
24721;Sim
24716;Sim
55210;Sim
55199;Sim
55210;Sim
55199;Sim
23065;Sim
23062;Sim
23061;Sim
23060;Sim
23059;Sim
23043;Sim
23041;Sim
23028;Sim
23020;Sim
23065;Sim
23062;Sim
23061;Sim
23060;Sim
23059;Sim
23043;Sim
23041;Sim
23028;Sim
23020;Sim
38458;Não
38458;Não
39175;Não
39173;Não
39172;Não
39137;Não
39131;Não
39013;Não
38521;Não
38197;Não
39175;Não
39173;Não
39172;Não
39137;Não
39131;Não
39013;Não
38521;Não
38197;Não
40753;Não
40753;Não
47244;Não
47244;Não
41448;Não
41448;Não
8173;Não
8172;Não
8171;Não
8170;Não
8168;Não
8173;Não
8172;Não
8171;Não
8170;Não
8168;Não
45399;Não
45399;Não
56;Não
56;Não
11183;Não
11157;Não
11156;Não
11183;Não
11157;Não
37877;SIM
11156;Não
8953;Não
8953;Não
10573;Não
10573;Não
24173;Não
24173;Não
14226;Não
14226;Não
8817;Não
8817;Não
235;Não
234;Não
189;Não
188;Não
187;Não
90;Não
79;Não
78;Não
76;Não
64;Não
63;Não
62;Não
51;Não
49;Não
31;Não
30;Não
28;Não
235;Não
234;Não
189;Não
188;Não
187;Não
90;Não
79;Não
78;Não
76;Não
64;Não
63;Não
62;Não
51;Não
49;Não
31;Não
30;Não
28;Não
10490;Não
10490;Não
24562;Não
24562;Não
23801;Sim
23801;Sim
200;Sim
182;Sim
181;Sim
129;Sim
125;Sim
13;Sim
200;Sim
182;Sim
181;Sim
129;Sim
125;Sim
13;Sim
26138;Sim
20948;Sim
26138;Sim
20948;Sim
26132;Sim
26132;Sim
10186;Não
10151;Não
10064;Não
10063;Não
10062;Não
10025;Não
10022;Não
10186;Não
10151;Não
10064;Não
10063;Não
10062;Não
10025;Não
10022;Não
10493;Não
10492;Não
10491;Não
10485;Não
10399;Não
10493;Não
10492;Não
10491;Não
39428;SIM
10485;Não
10399;Não
8163;Não
8162;Não
7987;Não
7876;Não
7875;Não
7874;Não
7872;Não
7871;Não
7869;Não
7868;Não
7866;Não
184;Não
127;Não
8163;Não
8162;Não
7987;Não
7876;Não
7875;Não
7874;Não
7872;Não
7871;Não
7869;Não
7868;Não
7866;Não
184;Não
127;Não
10131;Não
10131;Não
24170;Não
23044;Não
24170;Não
23044;Não
20482;Não
20482;Não
10699;Não
10585;Não
10579;Não
10515;Não
10514;Não
10509;Não
10496;Não
10429;Não
10699;Não
10585;Não
10579;Não
10515;Não
10514;Não
10509;Não
10496;Não
10429;Não
10316;Não
10316;Não
10631;Não
10631;Não
9878;Não
9859;Não
9878;Não
9859;Não
10315;Não
10313;Não
10312;Não
10311;Não
10305;Não
10315;Não
10313;Não
10312;Não
10311;Não
10305;Não
10630;Não
10629;Não
10628;Não
38907;SIM
38904;SIM
10500;Não
10364;Não
10363;Não
10630;Não
10629;Não
10628;Não
10500;Não
10364;Não
10363;Não
10751;Não
10751;Não
10108;Não
10108;Não
13188;Não
13188;Não
23056;Não
23030;Não
23016;Não
23056;Não
23030;Não
23016;Não
24551;Não
24551;Não
38619;SIM
19086;Não
19086;Não
39401;Sim
39383;Sim
39374;Sim
39373;Sim
39354;Sim
39353;Sim
39352;Sim
39348;Sim
39322;Sim
39319;Sim
39301;Sim
39261;Sim
39259;Sim
39249;Sim
39242;Sim
39241;Sim
39226;Sim
39223;Sim
39206;Sim
39204;Sim
39200;Sim
39133;Sim
39103;Sim
39098;Sim
38984;Sim
38964;Sim
38911;Sim
38910;Sim
38909;Sim
38741;Sim
38625;Sim
38621;Sim
38620;Sim
38615;Sim
38613;Sim
38611;Sim
38609;Sim
38571;Sim
38567;Sim
38543;Sim
38485;Sim
38414;Sim
38412;Sim
38411;Sim
38410;Sim
38409;Sim
38408;Sim
38407;Sim
38380;Sim
38379;Sim
38333;Sim
38332;Sim
38331;Sim
38330;Sim
38270;Sim
38267;Sim
38266;Sim
38220;Sim
38166;Sim
38145;Sim
38144;Sim
38133;Sim
38132;Sim
38121;Sim
38094;Sim
38091;Sim
38090;Sim
38083;Sim
37936;Sim
37929;Sim
37891;Sim
37738;Sim
37737;Sim
37675;Sim
37546;Sim
37462;Sim
37421;Sim
37388;Sim
37387;Sim
37301;Sim
37225;Sim
37133;Sim
36993;Sim
36992;Sim
36989;Sim
36988;Sim
36987;Sim
36986;Sim
36985;Sim
36975;Sim
36972;Sim
36871;Sim
36855;Sim
36854;Sim
36853;Sim
37877;SIM
33258;Sim
39401;Sim
39383;Sim
39374;Sim
39373;Sim
39354;Sim
39353;Sim
39352;Sim
39348;Sim
39322;Sim
39319;Sim
39301;Sim
39261;Sim
39259;Sim
39249;Sim
39242;Sim
39241;Sim
39226;Sim
39223;Sim
39206;Sim
39204;Sim
39200;Sim
39133;Sim
39103;Sim
39098;Sim
38984;Sim
38964;Sim
38911;Sim
38910;Sim
38909;Sim
38741;Sim
38625;Sim
38621;Sim
38620;Sim
38615;Sim
38613;Sim
38611;Sim
38609;Sim
38571;Sim
38567;Sim
38543;Sim
38485;Sim
38414;Sim
38412;Sim
38411;Sim
38410;Sim
38409;Sim
38408;Sim
38407;Sim
38380;Sim
38379;Sim
38333;Sim
38332;Sim
38331;Sim
38330;Sim
38270;Sim
38267;Sim
38266;Sim
38220;Sim
38166;Sim
38145;Sim
38144;Sim
38133;Sim
38132;Sim
38121;Sim
38094;Sim
38091;Sim
38090;Sim
38083;Sim
37936;Sim
37929;Sim
37891;Sim
37738;Sim
37737;Sim
37675;Sim
37546;Sim
37462;Sim
37421;Sim
37388;Sim
37387;Sim
37301;Sim
37225;Sim
37133;Sim
36993;Sim
36992;Sim
36989;Sim
36988;Sim
36987;Sim
36986;Sim
36985;Sim
36975;Sim
55212;NÃO
36972;Sim
36871;Sim
36855;Sim
36854;Sim
55205;SIM
36853;Sim
33258;Sim
40887;Sim
40875;Sim
40722;Sim
40658;Sim
40647;Sim
40638;Sim
40547;Sim
40546;Sim
40545;Sim
45431;SIM
45426;SIM
40524;Sim
40522;Sim
45417;SIM
40518;Sim
40380;Sim
40379;Sim
45398;SIM
40378;Sim
40377;Sim
45377;SIM
40341;Sim
45369;SIM
40329;Sim
40299;Sim
40295;Sim
45348;SIM
40289;Sim
45333;SIM
45329;SIM
40288;Sim
45153;SIM
40286;Sim
44948;SIM
40285;Sim
40278;Sim
40141;Sim
40140;Sim
42889;NÃO
42888;NÃO
40053;Sim
40051;Sim
40050;Sim
40025;Sim
39878;Sim
39837;Sim
39817;Sim
39816;Sim
39815;Sim
39812;Sim
39789;Sim
39788;Sim
39786;Sim
42874;NÃO
39782;Sim
39781;Sim
39780;Sim
42869;NÃO
39779;Sim
39778;Sim
39777;Sim
42578;NÃO
42574;NÃO
39774;Sim
42569;NÃO
39768;Sim
39758;Sim
39730;Sim
39653;Sim
39649;Sim
39494;Sim
39493;Sim
39483;Sim
39436;Sim
39434;Sim
39433;Sim
40887;Sim
40875;Sim
40722;Sim
40658;Sim
40647;Sim
40638;Sim
40547;Sim
40546;Sim
40545;Sim
40524;Sim
40522;Sim
42094;NÃO
40518;Sim
40380;Sim
40379;Sim
40378;Sim
40377;Sim
40341;Sim
40329;Sim
40299;Sim
40295;Sim
40289;Sim
40288;Sim
40286;Sim
40285;Sim
40278;Sim
40141;Sim
40140;Sim
41478;NÃO
40053;Sim
40051;Sim
40050;Sim
40025;Sim
39878;Sim
39837;Sim
39817;Sim
39816;Sim
39815;Sim
39812;Sim
39789;Sim
39788;Sim
39786;Sim
39782;Sim
39781;Sim
39780;Sim
39779;Sim
39778;Sim
39777;Sim
39774;Sim
39768;Sim
39758;Sim
39730;Sim
39653;Sim
39649;Sim
39494;Sim
39493;Sim
39483;Sim
39436;Sim
39434;Sim
39433;Sim
45150;Sim
45150;Sim
9892;Não
9892;Não
39142;Não
39142;Não
12978;Não
12978;Não
13053;Não
13051;Não
13053;Não
13051;Não
8859;Não
8608;Não
8529;Não
8454;Não
8859;Não
8608;Não
8529;Não
8454;Não
11125;Não
11125;Não
8295;Não
8295;Não
24557;Não
24550;Não
24557;Não
24550;Não
38610;Sim
38143;Sim
38610;Sim
38143;Sim
41153;Não
41153;Não
10137;Sim
10137;Sim
8767;Sim
8767;Sim
9958;Sim
9955;Sim
9954;Sim
9951;Sim
9934;Sim
9933;Sim
9932;Sim
9902;Sim
9885;Sim
9884;Sim
9877;Sim
9876;Sim
9869;Sim
9865;Sim
9864;Sim
9856;Sim
9855;Sim
9854;Sim
9853;Sim
9848;Sim
9847;Sim
9846;Sim
9845;Sim
9842;Sim
9841;Sim
9840;Sim
9839;Sim
9838;Sim
9832;Sim
9827;Sim
9825;Sim
9822;Sim
9818;Sim
9812;Sim
9780;Sim
9779;Sim
9765;Sim
9735;Sim
9678;Sim
9676;Sim
9958;Sim
9955;Sim
9954;Sim
9951;Sim
9934;Sim
9933;Sim
9932;Sim
9902;Sim
9885;Sim
9884;Sim
9877;Sim
9876;Sim
9869;Sim
9865;Sim
9864;Sim
9856;Sim
9855;Sim
9854;Sim
9853;Sim
9848;Sim
9847;Sim
9846;Sim
9845;Sim
9842;Sim
9841;Sim
9840;Sim
9839;Sim
9838;Sim
9832;Sim
9827;Sim
9825;Sim
9822;Sim
9818;Sim
9812;Sim
39610;NÃO
9780;Sim
9779;Sim
9765;Sim
9735;Sim
9678;Sim
39511;NÃO
9676;Sim
10334;Sim
10318;Sim
10288;Sim
10279;Sim
10278;Sim
10242;Sim
10235;Sim
55212;NÃO
10234;Sim
10233;Sim
10221;Sim
10220;Sim
55205;SIM
10219;Sim
10218;Sim
10217;Sim
10216;Sim
10212;Sim
10206;Sim
10198;Sim
10196;Sim
10139;Sim
10138;Sim
10136;Sim
45431;SIM
45426;SIM
10135;Sim
10134;Sim
45417;SIM
10133;Sim
10132;Sim
10130;Sim
45398;SIM
10129;Sim
10122;Sim
45377;SIM
10117;Sim
45369;SIM
10116;Sim
10109;Sim
10095;Sim
45348;SIM
10093;Sim
45333;SIM
45329;SIM
10084;Sim
45153;SIM
10083;Sim
44948;SIM
10082;Sim
10081;Sim
10080;Sim
10079;Sim
42889;NÃO
42888;NÃO
10076;Sim
10053;Sim
10016;Sim
10006;Sim
9975;Sim
9974;Sim
9973;Sim
9972;Sim
9971;Sim
10334;Sim
10318;Sim
10288;Sim
10279;Sim
42874;NÃO
10278;Sim
10242;Sim
10235;Sim
42869;NÃO
10234;Sim
10233;Sim
10221;Sim
42578;NÃO
42574;NÃO
10220;Sim
42569;NÃO
10219;Sim
10218;Sim
10217;Sim
10216;Sim
10212;Sim
10206;Sim
10198;Sim
10196;Sim
10139;Sim
10138;Sim
10136;Sim
10135;Sim
10134;Sim
10133;Sim
10132;Sim
10130;Sim
10129;Sim
10122;Sim
10117;Sim
10116;Sim
10109;Sim
10095;Sim
42094;NÃO
10093;Sim
10084;Sim
10083;Sim
10082;Sim
10081;Sim
10080;Sim
10079;Sim
10076;Sim
10053;Sim
10016;Sim
10006;Sim
9975;Sim
9974;Sim
9973;Sim
9972;Sim
9971;Sim
41478;NÃO
10715;Sim
10714;Sim
10709;Sim
10708;Sim
10688;Sim
10670;Sim
10669;Sim
10668;Sim
10632;Sim
10603;Sim
10584;Sim
10582;Sim
10577;Sim
10570;Sim
10568;Sim
10567;Sim
10566;Sim
10538;Sim
10537;Sim
10536;Sim
10535;Sim
10534;Sim
10533;Sim
10532;Sim
10531;Sim
10530;Sim
10528;Sim
10527;Sim
10522;Sim
10521;Sim
10519;Sim
10518;Sim
10513;Sim
10512;Sim
10511;Sim
10510;Sim
10506;Sim
10505;Sim
10465;Sim
10448;Sim
10447;Sim
10441;Sim
10440;Sim
10439;Sim
10417;Sim
10416;Sim
10415;Sim
10414;Sim
10413;Sim
10411;Sim
10410;Sim
10409;Sim
10408;Sim
10407;Sim
10396;Sim
10395;Sim
10394;Sim
10393;Sim
10371;Sim
10370;Sim
10369;Sim
10368;Sim
10367;Sim
10355;Sim
10352;Sim
10715;Sim
10714;Sim
10709;Sim
10708;Sim
10688;Sim
10670;Sim
10669;Sim
10668;Sim
10632;Sim
10603;Sim
10584;Sim
10582;Sim
10577;Sim
10570;Sim
10568;Sim
10567;Sim
10566;Sim
10538;Sim
10537;Sim
10536;Sim
10535;Sim
10534;Sim
10533;Sim
10532;Sim
10531;Sim
10530;Sim
10528;Sim
10527;Sim
10522;Sim
10521;Sim
10519;Sim
10518;Sim
10513;Sim
10512;Sim
10511;Sim
10510;Sim
10506;Sim
10505;Sim
10465;Sim
10448;Sim
10447;Sim
10441;Sim
10440;Sim
10439;Sim
10417;Sim
10416;Sim
10415;Sim
10414;Sim
10413;Sim
10411;Sim
10410;Sim
10409;Sim
10408;Sim
10407;Sim
10396;Sim
10395;Sim
10394;Sim
10393;Sim
10371;Sim
10370;Sim
10369;Sim
10368;Sim
10367;Sim
10355;Sim
10352;Sim
10779;Sim
10744;Sim
10743;Sim
10742;Sim
10741;Sim
10727;Sim
10722;Sim
10779;Sim
10744;Sim
10743;Sim
10742;Sim
10741;Sim
10727;Sim
39610;NÃO
10722;Sim
13285;Sim
13284;Sim
13283;Sim
13279;Sim
39511;NÃO
13278;Sim
13285;Sim
13284;Sim
13283;Sim
13279;Sim
13278;Sim
11184;Sim
11184;Sim
